﻿<?xml version="1.0" encoding="UTF-8"?>
<!-- 模式说明：  0：双叶；1：单页横排；2：单页竖排 -->
<content width="496" height="674" bookType="english" bookTitle="Academic Encounters_Reading and Writing 2" marginalData="false" flipEfRate="0.3" shJumpType="double" updateUrl="http://tc.newp.cn/Default.aspx?bid=275&s=unit">
  <book pageMode="0,1" menuUrl="PageContent/Public/bookMenu.swf">
	<lesson  number="1" lessonName="1" >
		<page pageUrl="SystemResource/BlankPage/configblank.swf" pageNumber=" " miniatureUrl="SystemResource/BlankPage/configblank.jpg" />
		<page pageUrl="PageContent/Book/book_2_1_1.swf" pageNumber="1" miniatureUrl="PageContent/Miniature/Book/book_2_1_1.jpg" />
		<page pageUrl="PageContent/Book/book_2_1_2.swf" pageNumber="2" miniatureUrl="PageContent/Miniature/Book/book_2_1_2.jpg" />
		<page pageUrl="PageContent/Book/book_2_1_3.swf" pageNumber="3" miniatureUrl="PageContent/Miniature/Book/book_2_1_3.jpg" />
		<page pageUrl="PageContent/Book/book_2_1_4.swf" pageNumber="4" miniatureUrl="PageContent/Miniature/Book/book_2_1_4.jpg" />
		<page pageUrl="PageContent/Book/book_2_1_5.swf" pageNumber="5" miniatureUrl="PageContent/Miniature/Book/book_2_1_5.jpg" />
		<page pageUrl="PageContent/Book/book_2_1_6.swf" pageNumber="6" miniatureUrl="PageContent/Miniature/Book/book_2_1_6.jpg" />
		<page pageUrl="PageContent/Book/book_2_1_7.swf" pageNumber="7" miniatureUrl="PageContent/Miniature/Book/book_2_1_7.jpg" />
		<page pageUrl="PageContent/Book/book_2_1_8.swf" pageNumber="8" miniatureUrl="PageContent/Miniature/Book/book_2_1_8.jpg" />
		<page pageUrl="PageContent/Book/book_2_1_9.swf" pageNumber="9" miniatureUrl="PageContent/Miniature/Book/book_2_1_9.jpg" />
		<page pageUrl="PageContent/Book/book_2_1_10.swf" pageNumber="10" miniatureUrl="PageContent/Miniature/Book/book_2_1_10.jpg" />
		<page pageUrl="PageContent/Book/book_2_1_11.swf" pageNumber="11" miniatureUrl="PageContent/Miniature/Book/book_2_1_11.jpg" />
		<page pageUrl="PageContent/Book/book_2_1_12.swf" pageNumber="12" miniatureUrl="PageContent/Miniature/Book/book_2_1_12.jpg" />
		<page pageUrl="PageContent/Book/book_2_1_13.swf" pageNumber="13" miniatureUrl="PageContent/Miniature/Book/book_2_1_13.jpg" />
		<page pageUrl="PageContent/Book/book_2_1_14.swf" pageNumber="14" miniatureUrl="PageContent/Miniature/Book/book_2_1_14.jpg" />
		<page pageUrl="PageContent/Book/book_2_1_15.swf" pageNumber="15" miniatureUrl="PageContent/Miniature/Book/book_2_1_15.jpg" />
		<page pageUrl="PageContent/Book/book_2_1_16.swf" pageNumber="16" miniatureUrl="PageContent/Miniature/Book/book_2_1_16.jpg" />
		<page pageUrl="PageContent/Book/book_2_1_17.swf" pageNumber="17" miniatureUrl="PageContent/Miniature/Book/book_2_1_17.jpg" />
		<page pageUrl="PageContent/Book/book_2_1_18.swf" pageNumber="18" miniatureUrl="PageContent/Miniature/Book/book_2_1_18.jpg" />
		<page pageUrl="PageContent/Book/book_2_1_19.swf" pageNumber="19" miniatureUrl="PageContent/Miniature/Book/book_2_1_19.jpg" />
		<page pageUrl="PageContent/Book/book_2_1_20.swf" pageNumber="20" miniatureUrl="PageContent/Miniature/Book/book_2_1_20.jpg" />
		<page pageUrl="PageContent/Book/book_2_1_21.swf" pageNumber="21" miniatureUrl="PageContent/Miniature/Book/book_2_1_21.jpg" />
		<page pageUrl="PageContent/Book/book_2_1_22.swf" pageNumber="22" miniatureUrl="PageContent/Miniature/Book/book_2_1_22.jpg" />
		<page pageUrl="PageContent/Book/book_2_1_23.swf" pageNumber="23" miniatureUrl="PageContent/Miniature/Book/book_2_1_23.jpg" />
		<page pageUrl="PageContent/Book/book_2_1_24.swf" pageNumber="24" miniatureUrl="PageContent/Miniature/Book/book_2_1_24.jpg" />
		<page pageUrl="PageContent/Book/book_2_1_25.swf" pageNumber="25" miniatureUrl="PageContent/Miniature/Book/book_2_1_25.jpg" />
		<page pageUrl="PageContent/Book/book_2_1_26.swf" pageNumber="26" miniatureUrl="PageContent/Miniature/Book/book_2_1_26.jpg" />
		<page pageUrl="PageContent/Book/book_2_1_27.swf" pageNumber="27" miniatureUrl="PageContent/Miniature/Book/book_2_1_27.jpg" />
		<page pageUrl="PageContent/Book/book_2_1_28.swf" pageNumber="28" miniatureUrl="PageContent/Miniature/Book/book_2_1_28.jpg" />
		<page pageUrl="PageContent/Book/book_2_1_29.swf" pageNumber="29" miniatureUrl="PageContent/Miniature/Book/book_2_1_29.jpg" />
		<page pageUrl="PageContent/Book/book_2_1_30.swf" pageNumber="30" miniatureUrl="PageContent/Miniature/Book/book_2_1_30.jpg" />
		<page pageUrl="PageContent/Book/book_2_1_31.swf" pageNumber="31" miniatureUrl="PageContent/Miniature/Book/book_2_1_31.jpg" />
		<page pageUrl="PageContent/Book/book_2_1_32.swf" pageNumber="32" miniatureUrl="PageContent/Miniature/Book/book_2_1_32.jpg" />
		<page pageUrl="PageContent/Book/book_2_1_33.swf" pageNumber="33" miniatureUrl="PageContent/Miniature/Book/book_2_1_33.jpg" />
		<page pageUrl="PageContent/Book/book_2_1_34.swf" pageNumber="34" miniatureUrl="PageContent/Miniature/Book/book_2_1_34.jpg" />
		<page pageUrl="PageContent/Book/book_2_1_35.swf" pageNumber="35" miniatureUrl="PageContent/Miniature/Book/book_2_1_35.jpg" />
		<page pageUrl="PageContent/Book/book_2_1_36.swf" pageNumber="36" miniatureUrl="PageContent/Miniature/Book/book_2_1_36.jpg" />
		<page pageUrl="PageContent/Book/book_2_1_37.swf" pageNumber="37" miniatureUrl="PageContent/Miniature/Book/book_2_1_37.jpg" />
		<page pageUrl="PageContent/Book/book_2_1_38.swf" pageNumber="38" miniatureUrl="PageContent/Miniature/Book/book_2_1_38.jpg" />
		<page pageUrl="PageContent/Book/book_2_1_39.swf" pageNumber="39" miniatureUrl="PageContent/Miniature/Book/book_2_1_39.jpg" />
		<page pageUrl="PageContent/Book/book_2_1_40.swf" pageNumber="40" miniatureUrl="PageContent/Miniature/Book/book_2_1_40.jpg" />
		<page pageUrl="PageContent/Book/book_2_1_41.swf" pageNumber="41" miniatureUrl="PageContent/Miniature/Book/book_2_1_41.jpg" />
		<page pageUrl="PageContent/Book/book_2_1_42.swf" pageNumber="42" miniatureUrl="PageContent/Miniature/Book/book_2_1_42.jpg" />
		<page pageUrl="PageContent/Book/book_2_1_43.swf" pageNumber="43" miniatureUrl="PageContent/Miniature/Book/book_2_1_43.jpg" />
		<page pageUrl="PageContent/Book/book_2_1_44.swf" pageNumber="44" miniatureUrl="PageContent/Miniature/Book/book_2_1_44.jpg" />
		<page pageUrl="PageContent/Book/book_2_1_45.swf" pageNumber="45" miniatureUrl="PageContent/Miniature/Book/book_2_1_45.jpg" />
		<page pageUrl="PageContent/Book/book_2_1_46.swf" pageNumber="46" miniatureUrl="PageContent/Miniature/Book/book_2_1_46.jpg" />
		<page pageUrl="PageContent/Book/book_2_1_47.swf" pageNumber="47" miniatureUrl="PageContent/Miniature/Book/book_2_1_47.jpg" />
		<page pageUrl="PageContent/Book/book_2_1_48.swf" pageNumber="48" miniatureUrl="PageContent/Miniature/Book/book_2_1_48.jpg" />
		<page pageUrl="PageContent/Book/book_2_1_49.swf" pageNumber="49" miniatureUrl="PageContent/Miniature/Book/book_2_1_49.jpg" />
		<page pageUrl="PageContent/Book/book_2_1_50.swf" pageNumber="50" miniatureUrl="PageContent/Miniature/Book/book_2_1_50.jpg" />
		<page pageUrl="PageContent/Book/book_2_1_51.swf" pageNumber="51" miniatureUrl="PageContent/Miniature/Book/book_2_1_51.jpg" />
		<page pageUrl="PageContent/Book/book_2_1_52.swf" pageNumber="52" miniatureUrl="PageContent/Miniature/Book/book_2_1_52.jpg" />
		<page pageUrl="PageContent/Book/book_2_1_53.swf" pageNumber="53" miniatureUrl="PageContent/Miniature/Book/book_2_1_53.jpg" />
		<page pageUrl="PageContent/Book/book_2_1_54.swf" pageNumber="54" miniatureUrl="PageContent/Miniature/Book/book_2_1_54.jpg" />
		<page pageUrl="PageContent/Book/book_2_2_55.swf" pageNumber="55" miniatureUrl="PageContent/Miniature/Book/book_2_2_55.jpg" />
	</lesson>
	<lesson  number="2" lessonName="2" >
		<page pageUrl="PageContent/Book/book_2_2_56.swf" pageNumber="56" miniatureUrl="PageContent/Miniature/Book/book_2_2_56.jpg" />
		<page pageUrl="PageContent/Book/book_2_2_57.swf" pageNumber="57" miniatureUrl="PageContent/Miniature/Book/book_2_2_57.jpg" />
		<page pageUrl="PageContent/Book/book_2_2_58.swf" pageNumber="58" miniatureUrl="PageContent/Miniature/Book/book_2_2_58.jpg" />
		<page pageUrl="PageContent/Book/book_2_2_59.swf" pageNumber="59" miniatureUrl="PageContent/Miniature/Book/book_2_2_59.jpg" />
		<page pageUrl="PageContent/Book/book_2_2_60.swf" pageNumber="60" miniatureUrl="PageContent/Miniature/Book/book_2_2_60.jpg" />
		<page pageUrl="PageContent/Book/book_2_2_61.swf" pageNumber="61" miniatureUrl="PageContent/Miniature/Book/book_2_2_61.jpg" />
		<page pageUrl="PageContent/Book/book_2_2_62.swf" pageNumber="62" miniatureUrl="PageContent/Miniature/Book/book_2_2_62.jpg" />
		<page pageUrl="PageContent/Book/book_2_2_63.swf" pageNumber="63" miniatureUrl="PageContent/Miniature/Book/book_2_2_63.jpg" />
		<page pageUrl="PageContent/Book/book_2_2_64.swf" pageNumber="64" miniatureUrl="PageContent/Miniature/Book/book_2_2_64.jpg" />
		<page pageUrl="PageContent/Book/book_2_2_65.swf" pageNumber="65" miniatureUrl="PageContent/Miniature/Book/book_2_2_65.jpg" />
		<page pageUrl="PageContent/Book/book_2_2_66.swf" pageNumber="66" miniatureUrl="PageContent/Miniature/Book/book_2_2_66.jpg" />
		<page pageUrl="PageContent/Book/book_2_2_67.swf" pageNumber="67" miniatureUrl="PageContent/Miniature/Book/book_2_2_67.jpg" />
		<page pageUrl="PageContent/Book/book_2_2_68.swf" pageNumber="68" miniatureUrl="PageContent/Miniature/Book/book_2_2_68.jpg" />
		<page pageUrl="PageContent/Book/book_2_2_69.swf" pageNumber="69" miniatureUrl="PageContent/Miniature/Book/book_2_2_69.jpg" />
		<page pageUrl="PageContent/Book/book_2_2_70.swf" pageNumber="70" miniatureUrl="PageContent/Miniature/Book/book_2_2_70.jpg" />
		<page pageUrl="PageContent/Book/book_2_2_71.swf" pageNumber="71" miniatureUrl="PageContent/Miniature/Book/book_2_2_71.jpg" />
		<page pageUrl="PageContent/Book/book_2_2_72.swf" pageNumber="72" miniatureUrl="PageContent/Miniature/Book/book_2_2_72.jpg" />
		<page pageUrl="PageContent/Book/book_2_2_73.swf" pageNumber="73" miniatureUrl="PageContent/Miniature/Book/book_2_2_73.jpg" />
		<page pageUrl="PageContent/Book/book_2_2_74.swf" pageNumber="74" miniatureUrl="PageContent/Miniature/Book/book_2_2_74.jpg" />
		<page pageUrl="PageContent/Book/book_2_2_75.swf" pageNumber="75" miniatureUrl="PageContent/Miniature/Book/book_2_2_75.jpg" />
		<page pageUrl="PageContent/Book/book_2_2_76.swf" pageNumber="76" miniatureUrl="PageContent/Miniature/Book/book_2_2_76.jpg" />
		<page pageUrl="PageContent/Book/book_2_2_77.swf" pageNumber="77" miniatureUrl="PageContent/Miniature/Book/book_2_2_77.jpg" />
		<page pageUrl="PageContent/Book/book_2_2_78.swf" pageNumber="78" miniatureUrl="PageContent/Miniature/Book/book_2_2_78.jpg" />
		<page pageUrl="PageContent/Book/book_2_2_79.swf" pageNumber="79" miniatureUrl="PageContent/Miniature/Book/book_2_2_79.jpg" />
		<page pageUrl="PageContent/Book/book_2_2_80.swf" pageNumber="80" miniatureUrl="PageContent/Miniature/Book/book_2_2_80.jpg" />
		<page pageUrl="PageContent/Book/book_2_2_81.swf" pageNumber="81" miniatureUrl="PageContent/Miniature/Book/book_2_2_81.jpg" />
		<page pageUrl="PageContent/Book/book_2_2_82.swf" pageNumber="82" miniatureUrl="PageContent/Miniature/Book/book_2_2_82.jpg" />
		<page pageUrl="PageContent/Book/book_2_2_83.swf" pageNumber="83" miniatureUrl="PageContent/Miniature/Book/book_2_2_83.jpg" />
		<page pageUrl="PageContent/Book/book_2_2_84.swf" pageNumber="84" miniatureUrl="PageContent/Miniature/Book/book_2_2_84.jpg" />
		<page pageUrl="PageContent/Book/book_2_2_85.swf" pageNumber="85" miniatureUrl="PageContent/Miniature/Book/book_2_2_85.jpg" />
		<page pageUrl="PageContent/Book/book_2_2_86.swf" pageNumber="86" miniatureUrl="PageContent/Miniature/Book/book_2_2_86.jpg" />
		<page pageUrl="PageContent/Book/book_2_2_87.swf" pageNumber="87" miniatureUrl="PageContent/Miniature/Book/book_2_2_87.jpg" />
		<page pageUrl="PageContent/Book/book_2_2_88.swf" pageNumber="88" miniatureUrl="PageContent/Miniature/Book/book_2_2_88.jpg" />
		<page pageUrl="PageContent/Book/book_2_2_89.swf" pageNumber="89" miniatureUrl="PageContent/Miniature/Book/book_2_2_89.jpg" />
		<page pageUrl="PageContent/Book/book_2_2_90.swf" pageNumber="90" miniatureUrl="PageContent/Miniature/Book/book_2_2_90.jpg" />
		<page pageUrl="PageContent/Book/book_2_2_91.swf" pageNumber="91" miniatureUrl="PageContent/Miniature/Book/book_2_2_91.jpg" />
		<page pageUrl="PageContent/Book/book_2_2_92.swf" pageNumber="92" miniatureUrl="PageContent/Miniature/Book/book_2_2_92.jpg" />
		<page pageUrl="PageContent/Book/book_2_2_93.swf" pageNumber="93" miniatureUrl="PageContent/Miniature/Book/book_2_2_93.jpg" />
		<page pageUrl="PageContent/Book/book_2_2_94.swf" pageNumber="94" miniatureUrl="PageContent/Miniature/Book/book_2_2_94.jpg" />
		<page pageUrl="PageContent/Book/book_2_2_95.swf" pageNumber="95" miniatureUrl="PageContent/Miniature/Book/book_2_2_95.jpg" />
		<page pageUrl="PageContent/Book/book_2_2_96.swf" pageNumber="96" miniatureUrl="PageContent/Miniature/Book/book_2_2_96.jpg" />
		<page pageUrl="PageContent/Book/book_2_2_97.swf" pageNumber="97" miniatureUrl="PageContent/Miniature/Book/book_2_2_97.jpg" />
		<page pageUrl="PageContent/Book/book_2_2_98.swf" pageNumber="98" miniatureUrl="PageContent/Miniature/Book/book_2_2_98.jpg" />
		<page pageUrl="PageContent/Book/book_2_2_99.swf" pageNumber="99" miniatureUrl="PageContent/Miniature/Book/book_2_2_99.jpg" />
		<page pageUrl="PageContent/Book/book_2_2_100.swf" pageNumber="100" miniatureUrl="PageContent/Miniature/Book/book_2_2_100.jpg" />
		<page pageUrl="PageContent/Book/book_2_2_101.swf" pageNumber="101" miniatureUrl="PageContent/Miniature/Book/book_2_2_101.jpg" />
		<page pageUrl="PageContent/Book/book_2_2_102.swf" pageNumber="102" miniatureUrl="PageContent/Miniature/Book/book_2_2_102.jpg" />
		<page pageUrl="PageContent/Book/book_2_2_103.swf" pageNumber="103" miniatureUrl="PageContent/Miniature/Book/book_2_2_103.jpg" />
		<page pageUrl="PageContent/Book/book_2_2_104.swf" pageNumber="104" miniatureUrl="PageContent/Miniature/Book/book_2_2_104.jpg" />
		<page pageUrl="PageContent/Book/book_2_2_105.swf" pageNumber="105" miniatureUrl="PageContent/Miniature/Book/book_2_2_105.jpg" />
		<page pageUrl="PageContent/Book/book_2_2_106.swf" pageNumber="106" miniatureUrl="PageContent/Miniature/Book/book_2_2_106.jpg" />
		<page pageUrl="PageContent/Book/book_2_2_107.swf" pageNumber="107" miniatureUrl="PageContent/Miniature/Book/book_2_2_107.jpg" />
		<page pageUrl="PageContent/Book/book_2_2_108.swf" pageNumber="108" miniatureUrl="PageContent/Miniature/Book/book_2_2_108.jpg" />
		<page pageUrl="PageContent/Book/book_2_3_109.swf" pageNumber="109" miniatureUrl="PageContent/Miniature/Book/book_2_3_109.jpg" />
	</lesson>
	<lesson  number="3" lessonName="3" >
		<page pageUrl="PageContent/Book/book_2_3_110.swf" pageNumber="110" miniatureUrl="PageContent/Miniature/Book/book_2_3_110.jpg" />
		<page pageUrl="PageContent/Book/book_2_3_111.swf" pageNumber="111" miniatureUrl="PageContent/Miniature/Book/book_2_3_111.jpg" />
		<page pageUrl="PageContent/Book/book_2_3_112.swf" pageNumber="112" miniatureUrl="PageContent/Miniature/Book/book_2_3_112.jpg" />
		<page pageUrl="PageContent/Book/book_2_3_113.swf" pageNumber="113" miniatureUrl="PageContent/Miniature/Book/book_2_3_113.jpg" />
		<page pageUrl="PageContent/Book/book_2_3_114.swf" pageNumber="114" miniatureUrl="PageContent/Miniature/Book/book_2_3_114.jpg" />
		<page pageUrl="PageContent/Book/book_2_3_115.swf" pageNumber="115" miniatureUrl="PageContent/Miniature/Book/book_2_3_115.jpg" />
		<page pageUrl="PageContent/Book/book_2_3_116.swf" pageNumber="116" miniatureUrl="PageContent/Miniature/Book/book_2_3_116.jpg" />
		<page pageUrl="PageContent/Book/book_2_3_117.swf" pageNumber="117" miniatureUrl="PageContent/Miniature/Book/book_2_3_117.jpg" />
		<page pageUrl="PageContent/Book/book_2_3_118.swf" pageNumber="118" miniatureUrl="PageContent/Miniature/Book/book_2_3_118.jpg" />
		<page pageUrl="PageContent/Book/book_2_3_119.swf" pageNumber="119" miniatureUrl="PageContent/Miniature/Book/book_2_3_119.jpg" />
		<page pageUrl="PageContent/Book/book_2_3_120.swf" pageNumber="120" miniatureUrl="PageContent/Miniature/Book/book_2_3_120.jpg" />
		<page pageUrl="PageContent/Book/book_2_3_121.swf" pageNumber="121" miniatureUrl="PageContent/Miniature/Book/book_2_3_121.jpg" />
		<page pageUrl="PageContent/Book/book_2_3_122.swf" pageNumber="122" miniatureUrl="PageContent/Miniature/Book/book_2_3_122.jpg" />
		<page pageUrl="PageContent/Book/book_2_3_123.swf" pageNumber="123" miniatureUrl="PageContent/Miniature/Book/book_2_3_123.jpg" />
		<page pageUrl="PageContent/Book/book_2_3_124.swf" pageNumber="124" miniatureUrl="PageContent/Miniature/Book/book_2_3_124.jpg" />
		<page pageUrl="PageContent/Book/book_2_3_125.swf" pageNumber="125" miniatureUrl="PageContent/Miniature/Book/book_2_3_125.jpg" />
		<page pageUrl="PageContent/Book/book_2_3_126.swf" pageNumber="126" miniatureUrl="PageContent/Miniature/Book/book_2_3_126.jpg" />
		<page pageUrl="PageContent/Book/book_2_3_127.swf" pageNumber="127" miniatureUrl="PageContent/Miniature/Book/book_2_3_127.jpg" />
		<page pageUrl="PageContent/Book/book_2_3_128.swf" pageNumber="128" miniatureUrl="PageContent/Miniature/Book/book_2_3_128.jpg" />
		<page pageUrl="PageContent/Book/book_2_3_129.swf" pageNumber="129" miniatureUrl="PageContent/Miniature/Book/book_2_3_129.jpg" />
		<page pageUrl="PageContent/Book/book_2_3_130.swf" pageNumber="130" miniatureUrl="PageContent/Miniature/Book/book_2_3_130.jpg" />
		<page pageUrl="PageContent/Book/book_2_3_131.swf" pageNumber="131" miniatureUrl="PageContent/Miniature/Book/book_2_3_131.jpg" />
		<page pageUrl="PageContent/Book/book_2_3_132.swf" pageNumber="132" miniatureUrl="PageContent/Miniature/Book/book_2_3_132.jpg" />
		<page pageUrl="PageContent/Book/book_2_3_133.swf" pageNumber="133" miniatureUrl="PageContent/Miniature/Book/book_2_3_133.jpg" />
		<page pageUrl="PageContent/Book/book_2_3_134.swf" pageNumber="134" miniatureUrl="PageContent/Miniature/Book/book_2_3_134.jpg" />
		<page pageUrl="PageContent/Book/book_2_3_135.swf" pageNumber="135" miniatureUrl="PageContent/Miniature/Book/book_2_3_135.jpg" />
		<page pageUrl="PageContent/Book/book_2_3_136.swf" pageNumber="136" miniatureUrl="PageContent/Miniature/Book/book_2_3_136.jpg" />
		<page pageUrl="PageContent/Book/book_2_3_137.swf" pageNumber="137" miniatureUrl="PageContent/Miniature/Book/book_2_3_137.jpg" />
		<page pageUrl="PageContent/Book/book_2_3_138.swf" pageNumber="138" miniatureUrl="PageContent/Miniature/Book/book_2_3_138.jpg" />
		<page pageUrl="PageContent/Book/book_2_3_139.swf" pageNumber="139" miniatureUrl="PageContent/Miniature/Book/book_2_3_139.jpg" />
		<page pageUrl="PageContent/Book/book_2_3_140.swf" pageNumber="140" miniatureUrl="PageContent/Miniature/Book/book_2_3_140.jpg" />
		<page pageUrl="PageContent/Book/book_2_3_141.swf" pageNumber="141" miniatureUrl="PageContent/Miniature/Book/book_2_3_141.jpg" />
		<page pageUrl="PageContent/Book/book_2_3_142.swf" pageNumber="142" miniatureUrl="PageContent/Miniature/Book/book_2_3_142.jpg" />
		<page pageUrl="PageContent/Book/book_2_3_143.swf" pageNumber="143" miniatureUrl="PageContent/Miniature/Book/book_2_3_143.jpg" />
		<page pageUrl="PageContent/Book/book_2_3_144.swf" pageNumber="144" miniatureUrl="PageContent/Miniature/Book/book_2_3_144.jpg" />
		<page pageUrl="PageContent/Book/book_2_3_145.swf" pageNumber="145" miniatureUrl="PageContent/Miniature/Book/book_2_3_145.jpg" />
		<page pageUrl="PageContent/Book/book_2_3_146.swf" pageNumber="146" miniatureUrl="PageContent/Miniature/Book/book_2_3_146.jpg" />
		<page pageUrl="PageContent/Book/book_2_3_147.swf" pageNumber="147" miniatureUrl="PageContent/Miniature/Book/book_2_3_147.jpg" />
		<page pageUrl="PageContent/Book/book_2_3_148.swf" pageNumber="148" miniatureUrl="PageContent/Miniature/Book/book_2_3_148.jpg" />
		<page pageUrl="PageContent/Book/book_2_3_149.swf" pageNumber="149" miniatureUrl="PageContent/Miniature/Book/book_2_3_149.jpg" />
		<page pageUrl="PageContent/Book/book_2_3_150.swf" pageNumber="150" miniatureUrl="PageContent/Miniature/Book/book_2_3_150.jpg" />
		<page pageUrl="PageContent/Book/book_2_3_151.swf" pageNumber="151" miniatureUrl="PageContent/Miniature/Book/book_2_3_151.jpg" />
		<page pageUrl="PageContent/Book/book_2_3_152.swf" pageNumber="152" miniatureUrl="PageContent/Miniature/Book/book_2_3_152.jpg" />
		<page pageUrl="PageContent/Book/book_2_3_153.swf" pageNumber="153" miniatureUrl="PageContent/Miniature/Book/book_2_3_153.jpg" />
		<page pageUrl="PageContent/Book/book_2_3_154.swf" pageNumber="154" miniatureUrl="PageContent/Miniature/Book/book_2_3_154.jpg" />
		<page pageUrl="PageContent/Book/book_2_3_155.swf" pageNumber="155" miniatureUrl="PageContent/Miniature/Book/book_2_3_155.jpg" />
		<page pageUrl="PageContent/Book/book_2_3_156.swf" pageNumber="156" miniatureUrl="PageContent/Miniature/Book/book_2_3_156.jpg" />
		<page pageUrl="PageContent/Book/book_2_3_157.swf" pageNumber="157" miniatureUrl="PageContent/Miniature/Book/book_2_3_157.jpg" />
		<page pageUrl="PageContent/Book/book_2_3_158.swf" pageNumber="158" miniatureUrl="PageContent/Miniature/Book/book_2_3_158.jpg" />
		<page pageUrl="PageContent/Book/book_2_3_159.swf" pageNumber="159" miniatureUrl="PageContent/Miniature/Book/book_2_3_159.jpg" />
		<page pageUrl="PageContent/Book/book_2_3_160.swf" pageNumber="160" miniatureUrl="PageContent/Miniature/Book/book_2_3_160.jpg" />
		<page pageUrl="PageContent/Book/book_2_3_161.swf" pageNumber="161" miniatureUrl="PageContent/Miniature/Book/book_2_3_161.jpg" />
		<page pageUrl="PageContent/Book/book_2_3_162.swf" pageNumber="162" miniatureUrl="PageContent/Miniature/Book/book_2_3_162.jpg" />
		<page pageUrl="PageContent/Book/book_2_4_163.swf" pageNumber="163" miniatureUrl="PageContent/Miniature/Book/book_2_4_163.jpg" />
	</lesson>
	<lesson  number="4" lessonName="4" >
		<page pageUrl="PageContent/Book/book_2_4_164.swf" pageNumber="164" miniatureUrl="PageContent/Miniature/Book/book_2_4_164.jpg" />
		<page pageUrl="PageContent/Book/book_2_4_165.swf" pageNumber="165" miniatureUrl="PageContent/Miniature/Book/book_2_4_165.jpg" />
		<page pageUrl="PageContent/Book/book_2_4_166.swf" pageNumber="166" miniatureUrl="PageContent/Miniature/Book/book_2_4_166.jpg" />
		<page pageUrl="PageContent/Book/book_2_4_167.swf" pageNumber="167" miniatureUrl="PageContent/Miniature/Book/book_2_4_167.jpg" />
		<page pageUrl="PageContent/Book/book_2_4_168.swf" pageNumber="168" miniatureUrl="PageContent/Miniature/Book/book_2_4_168.jpg" />
		<page pageUrl="PageContent/Book/book_2_4_169.swf" pageNumber="169" miniatureUrl="PageContent/Miniature/Book/book_2_4_169.jpg" />
		<page pageUrl="PageContent/Book/book_2_4_170.swf" pageNumber="170" miniatureUrl="PageContent/Miniature/Book/book_2_4_170.jpg" />
		<page pageUrl="PageContent/Book/book_2_4_171.swf" pageNumber="171" miniatureUrl="PageContent/Miniature/Book/book_2_4_171.jpg" />
		<page pageUrl="PageContent/Book/book_2_4_172.swf" pageNumber="172" miniatureUrl="PageContent/Miniature/Book/book_2_4_172.jpg" />
		<page pageUrl="PageContent/Book/book_2_4_173.swf" pageNumber="173" miniatureUrl="PageContent/Miniature/Book/book_2_4_173.jpg" />
		<page pageUrl="PageContent/Book/book_2_4_174.swf" pageNumber="174" miniatureUrl="PageContent/Miniature/Book/book_2_4_174.jpg" />
		<page pageUrl="PageContent/Book/book_2_4_175.swf" pageNumber="175" miniatureUrl="PageContent/Miniature/Book/book_2_4_175.jpg" />
		<page pageUrl="PageContent/Book/book_2_4_176.swf" pageNumber="176" miniatureUrl="PageContent/Miniature/Book/book_2_4_176.jpg" />
		<page pageUrl="PageContent/Book/book_2_4_177.swf" pageNumber="177" miniatureUrl="PageContent/Miniature/Book/book_2_4_177.jpg" />
		<page pageUrl="PageContent/Book/book_2_4_178.swf" pageNumber="178" miniatureUrl="PageContent/Miniature/Book/book_2_4_178.jpg" />
		<page pageUrl="PageContent/Book/book_2_4_179.swf" pageNumber="179" miniatureUrl="PageContent/Miniature/Book/book_2_4_179.jpg" />
		<page pageUrl="PageContent/Book/book_2_4_180.swf" pageNumber="180" miniatureUrl="PageContent/Miniature/Book/book_2_4_180.jpg" />
		<page pageUrl="PageContent/Book/book_2_4_181.swf" pageNumber="181" miniatureUrl="PageContent/Miniature/Book/book_2_4_181.jpg" />
		<page pageUrl="PageContent/Book/book_2_4_182.swf" pageNumber="182" miniatureUrl="PageContent/Miniature/Book/book_2_4_182.jpg" />
		<page pageUrl="PageContent/Book/book_2_4_183.swf" pageNumber="183" miniatureUrl="PageContent/Miniature/Book/book_2_4_183.jpg" />
		<page pageUrl="PageContent/Book/book_2_4_184.swf" pageNumber="184" miniatureUrl="PageContent/Miniature/Book/book_2_4_184.jpg" />
		<page pageUrl="PageContent/Book/book_2_4_185.swf" pageNumber="185" miniatureUrl="PageContent/Miniature/Book/book_2_4_185.jpg" />
		<page pageUrl="PageContent/Book/book_2_4_186.swf" pageNumber="186" miniatureUrl="PageContent/Miniature/Book/book_2_4_186.jpg" />
		<page pageUrl="PageContent/Book/book_2_4_187.swf" pageNumber="187" miniatureUrl="PageContent/Miniature/Book/book_2_4_187.jpg" />
		<page pageUrl="PageContent/Book/book_2_4_188.swf" pageNumber="188" miniatureUrl="PageContent/Miniature/Book/book_2_4_188.jpg" />
		<page pageUrl="PageContent/Book/book_2_4_189.swf" pageNumber="189" miniatureUrl="PageContent/Miniature/Book/book_2_4_189.jpg" />
		<page pageUrl="PageContent/Book/book_2_4_190.swf" pageNumber="190" miniatureUrl="PageContent/Miniature/Book/book_2_4_190.jpg" />
		<page pageUrl="PageContent/Book/book_2_4_191.swf" pageNumber="191" miniatureUrl="PageContent/Miniature/Book/book_2_4_191.jpg" />
		<page pageUrl="PageContent/Book/book_2_4_192.swf" pageNumber="192" miniatureUrl="PageContent/Miniature/Book/book_2_4_192.jpg" />
		<page pageUrl="PageContent/Book/book_2_4_193.swf" pageNumber="193" miniatureUrl="PageContent/Miniature/Book/book_2_4_193.jpg" />
		<page pageUrl="PageContent/Book/book_2_4_194.swf" pageNumber="194" miniatureUrl="PageContent/Miniature/Book/book_2_4_194.jpg" />
		<page pageUrl="PageContent/Book/book_2_4_195.swf" pageNumber="195" miniatureUrl="PageContent/Miniature/Book/book_2_4_195.jpg" />
		<page pageUrl="PageContent/Book/book_2_4_196.swf" pageNumber="196" miniatureUrl="PageContent/Miniature/Book/book_2_4_196.jpg" />
		<page pageUrl="PageContent/Book/book_2_4_197.swf" pageNumber="197" miniatureUrl="PageContent/Miniature/Book/book_2_4_197.jpg" />
		<page pageUrl="PageContent/Book/book_2_4_198.swf" pageNumber="198" miniatureUrl="PageContent/Miniature/Book/book_2_4_198.jpg" />
		<page pageUrl="PageContent/Book/book_2_4_199.swf" pageNumber="199" miniatureUrl="PageContent/Miniature/Book/book_2_4_199.jpg" />
		<page pageUrl="PageContent/Book/book_2_4_200.swf" pageNumber="200" miniatureUrl="PageContent/Miniature/Book/book_2_4_200.jpg" />
		<page pageUrl="PageContent/Book/book_2_4_201.swf" pageNumber="201" miniatureUrl="PageContent/Miniature/Book/book_2_4_201.jpg" />
		<page pageUrl="PageContent/Book/book_2_4_202.swf" pageNumber="202" miniatureUrl="PageContent/Miniature/Book/book_2_4_202.jpg" />
		<page pageUrl="PageContent/Book/book_2_4_203.swf" pageNumber="203" miniatureUrl="PageContent/Miniature/Book/book_2_4_203.jpg" />
		<page pageUrl="PageContent/Book/book_2_4_204.swf" pageNumber="204" miniatureUrl="PageContent/Miniature/Book/book_2_4_204.jpg" />
		<page pageUrl="PageContent/Book/book_2_4_205.swf" pageNumber="205" miniatureUrl="PageContent/Miniature/Book/book_2_4_205.jpg" />
		<page pageUrl="PageContent/Book/book_2_4_206.swf" pageNumber="206" miniatureUrl="PageContent/Miniature/Book/book_2_4_206.jpg" />
		<page pageUrl="PageContent/Book/book_2_4_207.swf" pageNumber="207" miniatureUrl="PageContent/Miniature/Book/book_2_4_207.jpg" />
		<page pageUrl="PageContent/Book/book_2_4_208.swf" pageNumber="208" miniatureUrl="PageContent/Miniature/Book/book_2_4_208.jpg" />
		<page pageUrl="PageContent/Book/book_2_4_209.swf" pageNumber="209" miniatureUrl="PageContent/Miniature/Book/book_2_4_209.jpg" />
		<page pageUrl="PageContent/Book/book_2_4_210.swf" pageNumber="210" miniatureUrl="PageContent/Miniature/Book/book_2_4_210.jpg" />
		<page pageUrl="PageContent/Book/book_2_4_211.swf" pageNumber="211" miniatureUrl="PageContent/Miniature/Book/book_2_4_211.jpg" />
		<page pageUrl="PageContent/Book/book_2_4_212.swf" pageNumber="212" miniatureUrl="PageContent/Miniature/Book/book_2_4_212.jpg" />
		<page pageUrl="SystemResource/BlankPage/configblank.swf" pageNumber=" " miniatureUrl="SystemResource/BlankPage/configblank.jpg" />
	</lesson>
 </book>
</content>