﻿<?xml version="1.0" encoding="UTF-8"?>
<defaultConfig>
	<mainObject>
	</mainObject>
	<!-- 所有按钮分类配置  现在第5类放空 -->
	<buttonArray>
		<bottonGroup group="1">
			<button file="ToolbarSettingBtn" name="喜好设定" />
			<button file="PrevPageBtn" name="上一页" />
			<button file="GoPageBtn" name="输入页码" />
			<button file="NextPageBtn" name="下一页" />
			<button file="Zoom4GBtn" name="四格缩放" />
			<button file="ZoneZoomInBtn" name="局部放大" />
			<button file="ZoomInBtn" name="放大" />
			<button file="ZoomOutBtn" name="缩小" />
			<button file="MinimizeBtn" name="最小化" />
			<button file="ExitBtn" name="关闭" />
			<button file="HomeBtn" name="回首页" />
			<button file="WindowModeBtn" name="视窗模式" />
		</bottonGroup>
		<bottonGroup group="2">
			<button file="SaveBtn" name="保存档案" />
			<button file="LoadBtn" name="打开档案" />
			<button file="LinkFileBtn" name="链接" />
			<button file="TextBtn" name="输入文字" />
			<button file="PasterBtn" name="便利贴" />
			<button file="WhiteBoardBtn" name="电子白板" />
			<button file="ClearBtn" name="垃圾桶" />
			<button file="SelectBtn" name="选择工具" />
			<button file="EraseBtn" name="橡皮檫" />
			<button file="PenBtn" name="画笔" />
			<button file="UndoBtn" name="复原" />
			<button file="RedoBtn" name="取消复原" />
		</bottonGroup>
		<bottonGroup group="3">
			<button file="ChooseNumberBtn" name="选好器" />
			<button file="GroupCountBtn" name="分组计分器" />
			<button file="CounterBtn" name="倒数计时" />
		</bottonGroup>
		<bottonGroup group="4">
		</bottonGroup>
		<bottonGroup group="5">
		</bottonGroup>
		<bottonGroup group="6">
			<button file="ZoomFullBtn" name="原始大小" />
			<button file="MaskPaste" name="遮照贴纸" />
			<button file="ShowMinPageBtn" name="缩略图" />
			<button file="MagicDice" name="魔力骰子" />
			<button file="MeasureToolsBtn" name="测量工具" />
			<button file="CountToolsBtn" name="数数工具" />
			<button file="AnglePolygonBtn" name="角度与多边形" />
			<button file="LineSegmentBtn" name="线段" />
			<button file="FractionBtn" name="分数" />
			<button file="CartogramBtn" name="统计图" />
			<button file="MathToolsBtn" name="数学工具" />
			<button file="CalculatorBtn" name="计算机" />
		</bottonGroup>
	</buttonArray>
	<!-- 工具列 -->
	<toolBarArray>
		<BarArray toolBarName="toolBar1" objectIsDrag="true" objectSortType="x" objectSnapType="d" positionX="0" positionY="696" objectWidth="400" objectHeight="72">
			<!---->
			<button name="ToolBoxBtn" />
			<button name="HomeBtn" />
			<button name="Zoom4GBtn" />
			<button name="ZoomInBtn" />
			<button name="ZoomOutBtn" />
			<button name="PrevPageBtn" />
			<button name="GoPageBtn" />
			<button name="NextPageBtn" />
			<button name="LinkFileBtn" />
			<button name="TextBtn" />
			<button name="PasterBtn" />
			<button name="WhiteBoardBtn" />
			<button name="ClearBtn" />
			<button name="EraseBtn" />
			<button name="PenBtn" />
			<button name="MinimizeBtn" />
			<button name="ExitBtn" />
			<!---->
		</BarArray>
	</toolBarArray>	
	<!-- 喜好设定 -->
	<setting bookFlipSound="true" bookFlip="true" fastPickerBtn="true" flipPageBtn="true" writeSmooth="true" colseButtonPosition="2" language="TC" mediaPlayer="ebook" />
	<!-- 公共 -->
	<publicPage>
		<publicButton pageUrl="pageContent/Public/publicButton.swf" />
		<bookMenu pageUrl="pageContent/Public/bookMenu.swf" />
		<studyMenu pageUrl="pageContent/Public/studyMenu.swf" />
	</publicPage>
</defaultConfig>