﻿<!-- 2017-02-06 增加此配置、及对应代码；之后如有需要增加判断的配置，都加到这里
		 * 不同学科差异配置
		 * 
		 * 需要在目录：SystemResource\Config 增加配置文件：differenceConfig.xml
		 * 
		 * 配置示例： 	<item name="TeachingResource" value="TeachingResource" />
		 * 配置中的 name: 变量名 value: 变量值
		 * 
		 * 主类数据中增加了：  Main.nowBookData.differenceConfig = {};  // 子内容就 与 配置中 每项 的 name value 对应
-->
<?xml version="1.0" encoding="UTF-8"?>
<differenceConfig>
	<!-- 教学资源目录名称配置，如果不指定，则默认为 TeachingResource -->
	<item name="TeachingResource" value="TeachingResource" />
	
	<!-- 目录页是否有资源下载按钮， 如果需要，则指定为 true ；否而不加或指定为其他值 -->
	<item name="MenuHasResourceDownBtn" value="false" />

	<!-- 目录页滚轮是否  对目录页缩放操作， true 或不设置 可缩放 ； false 不可缩放 -->
	<item name="MenuWheelCanScaleContent" value="true" />

	<!-- 目录页滚轮是否  对拉霸进行拖动操作， true 可缩放 ； false 或不设置 不可缩放 -->
	<item name="MenuWheelCanScrollBar" value="false" />
	
	<!-- 文本播放器 txtPlayer 小化点击后，缩放值 ; 原先默认值是 0.41； 不加是使用默认值 -->
	<item name="TxtPlayerMinScale" value="0.41" />
	
	<!-- 文本播放器 txtPlayer 初始打开是否最大化 ; true 或 不设置 最大化； false 不要最大化 -->
	<item name="TxtPlayerDefauleFull" value="false" />
	<!-- 文本播放器 txtPlayer 初始打开不需要最大化时，需要显示的比例 ;  在上一个设置为 false 时的情况下生效 -->
	<item name="TxtPlayerDefauleScale" value="0.5" />
   
        <!-- 目录页是否有单元测验按钮， 如果需要，则指定为 true ；否而不加或指定为其他值。 为 true 时，需要 增加下个配置 -->
	<item name="MenuHasUnitTestBtn" value="true" />
	<!-- 单元测验按钮打开目录 电子书根目录相对路径 -->
	<item name="UnitTestBtnOpenPath" value="TeachingResource\Unit Quiz" />

</differenceConfig>